הערוץ_שלנו,קוד_וואלה_למלא,ספק,הערה
ספורט 6,,,
הוט משפחה גיבוי,,,
ערוץ 9,,,
קריוקי,,,
נשיונל ווילד,,,
נשיונל גאוגרפיק,,,
ערוץ ההיסטוריה,,,
פרי דוקו,,,
בייבי,,,
ערוץ גוניור,,,
ערוץ לולי,,,
טין ניק,,,
ניקולודיון,,,
ערוץ הכוכבים,,,
דיסני ג'וניור,,,
סלקום קידס,,,
ויוה טלנובלות,,,
ויוה פרימיום,,,
ויוה וינטג',,,
ויוה איסטנבול,,,
דרמות הודיות 2,,,
דרמות הודיות 1,,,
דרמות ספרדיות 2,,,
דרמות ספרדיות 1,,,
דרמות טורקיות 3,,,
דרמות טורקיות 2,,,
דרמות טורקיות,,,
FREE TV אוכל,,,
FREE TV לייף סטייל,,,
FREE TV משפחה,,,
FREE TV קומדיה 2,,,
FREE TV ישראל,,,
FREE TVקומדיה,,,
HOT בידור,,,
HOT סדרות,,,
HOT ריל,,,
HOT 8,,,
HOT 3,,,
HOT משפחה,,,
cellcom קולנוע הישראלי,,,
FREE TV גלובלי,,,
FREETV אימה,,,
FREE TV דרמה,,,
FREE TV רומנטיקה,,,
FREE TV סרטים,,,
HOT GOLD,,,
HOT cinema 4,,,
HOT cinema 3,,,
Hotcinema2,,,
HOT cinema1,,,
UFC,,,
one edge,,,
one 2,,,
one 1,,,
ספורט 5 גולד,,,
ספורט 5 סטארס,,,
דסני,,,
זום,,,
הוט זון,,,
הוט דרמה,,,
ספורט 5,,,
Mako(+12),,,
כאן חינוכית,,,
ראשת 13,,,
C14,,,
i24,,,
כאן11,,,
Yes Movies Action,,,
הופ!,,,
ים תיכוני,,,
חיים טובים,,,
ערוץ 24,,,
ערוץ הכנסת,,,
ערוץ 98,,,
בית+,,,
yes ישראלי,,,
yes Drama,,,
yes Comedy,,,
yes Action,,,
HOT HBO,,,
דיסקברי,,,
Health,,,
מכאן 33,,,
ספורט 4,,,
יורוספורט 2,,,
Food Network,,,
HOT Comedy,,,
ספורט 1,,,
ספורט 2,,,
ספורט 3,,,
סרטים הודיים — Bollywood,,,
yes Movies Comedy,,,
yes Movies Drama,,,
yes Movies Kids,,,
HOT Real,,,
WIZ,,,
